-- Tables are :
--- Oeuvre(id, titre, budget, date_sortie, duree, origine, langue, genre)
--- Adresse(id, no_civique, rue, ville, code_postal, pays, no_appartement)
--- Habitude(id, nom)
--- Sport(id, nom)
--- Compagnie(id, nom, type_industrie, id_adresse)
--- Film(id_oeuvre, id_studio)
--- Piece(id_oeuvre, theatre)
--- Scene(id, titre, budget, type, id_oeuvre)
--- Artiste(id, nom, prenom, date_naissance, salaire_min, domaine, id_adresse)
--- Casting(id_oeuvre, objectif, theme)
--- Sponsor(id_oeuvre, id_compagnie, montant)
--- Producteur(id_oeuvre, id_compagnie)
-- Casting_Artiste(id_artiste, id_oeuvre, fonction, salaire, date_debut, date_fin)
-- Relation(id_artiste1, id_artiste2, type_relation)
--- Artiste_Sport(id_artiste, id_sport)
--- Artiste_Habitude(id_artiste, id_habitude)

USE CASTINGAPP;

INSERT INTO Oeuvre
VALUES
    ('The Dark Knight', 185000000, '2008-07-18', 152, 'USA', 'English', 'Action'),
    ('The Dark Knight Rises', 250000000, '2012-07-20', 164, 'USA', 'English', 'Action'),
    ('Inception', 160000000, '2010-07-16', 148, 'USA', 'English', 'Action'),
    ('Interstellar', 165000000, '2014-11-07', 169, 'USA', 'English', 'Action'),
    ('Dunkirk', 100000000, '2017-07-21', 106, 'USA', 'English', 'Action'),
    ('The Prestige', 40000000, '2006-10-20', 130, 'USA', 'English', 'Drama'),
    ('Memento', 9000000, '2001-05-25', 113, 'USA', 'English', 'Drama'),
    ('Insomnia', 46000000, '2002-05-24', 118, 'USA', 'English', 'Drama'),
    ('Following', 6000, '1998-04-04', 69, 'UK', 'English', 'Thriller'),
    ('Batman Begins', 150000000, '2005-06-15', 140, 'USA', 'English', 'Action'),
    ('The Big Short', 28000000, '2015-12-23', 130, 'USA', 'English', 'Biography'),
    ('The Fighter', 25000000, '2010-12-17', 116, 'USA', 'English', 'Biography'),
    ('The Social Network', 40000000, '2010-10-01', 120, 'USA', 'English', 'Biography'),
    ('The Wolf of Wall Street', 100000000, '2013-12-25', 180, 'USA', 'English', 'Biography'),
    ('The Aviator', 110000000, '2004-12-25', 170, 'USA', 'English', 'Biography'),
    ('The Departed', 90000000, '2006-10-06', 151, 'USA', 'English', 'Crime'),
    ('Shutter Island', 80000000, '2010-02-19', 138, 'USA', 'English', 'Crime'),
    ('Gangs of New York', 100000000, '2002-12-20', 167, 'USA', 'English', 'Crime'),
    ('Casino', 52000000, '1995-11-22', 178, 'USA', 'English', 'Crime'),
    ('Goodfellas', 25000000, '1990-09-19', 146, 'USA', 'English', 'Crime'),
    ('Pulp Fiction', 8000000, '1994-10-14', 154, 'USA', 'English', 'Crime'),
    ('Fight Club', 63000000, '1999-10-15', 139, 'USA', 'English', 'Drama'),
    ('The Matrix', 63000000, '1999-03-31', 136, 'USA', 'English', 'Action'),
    ('The Shawshank Redemption', 25000000, '1994-10-14', 142, 'USA', 'English', 'Drama'),
    ('Forrest Gump', 55000000, '1994-07-06', 142, 'USA', 'English', 'Drama'),
    ('The Godfather', 6000000, '1972-03-24', 175, 'USA', 'English', 'Crime'),
    ('The Godfather: Part II', 13000000, '1974-12-20', 202, 'USA', 'English', 'Crime'),
    ('The Godfather: Part III', 54000000, '1990-12-25', 162, 'USA', 'English', 'Crime'),
    ('Schindler''s List', 22000000, '1994-02-04', 195, 'USA', 'English', 'Biography'),
    ('Se7en', 33000000, '1995-09-22', 127, 'USA', 'English', 'Crime'),
    ('The Silence of the Lambs', 19000000, '1991-02-14', 118, 'USA', 'English', 'Crime'),
    ('Inglourious Basterds', 70000000, '2009-08-21', 153, 'USA', 'English', 'Drama'),
    ('Good Will Hunting', 10000000, '1998-01-09', 126, 'USA', 'English', 'Drama'),
    ('The Departed', 90000000, '2006-10-06', 151, 'USA', 'English', 'Biography'),
    ('Saving Private Ryan', 70000000, '1998-07-24', 169, 'USA', 'English', 'Action'),
    ('American History X', 20000000, '1998-10-30', 119, 'USA', 'English', 'Drama'),
    ('The Green Mile', 60000000, '1999-12-10', 189, 'USA', 'English', 'Drama'),
    ('The Sixth Sense', 40000000, '1999-08-06', 107, 'USA', 'English', 'Drama'),
    ('Gladiator', 103000000, '2000-05-05', 155, 'USA', 'English', 'Action'),
    ('The Lord of the Rings: The Fellowship of the Ring', 93000000, '2001-12-19', 178, 'USA', 'English', 'Action'),
    ('The Lord of the Rings: The Two Towers', 94000000, '2002-12-18', 179, 'USA', 'English', 'Action'),
    ('The Lord of the Rings: The Return of the King', 94000000, '2003-12-17', 201, 'USA', 'English', 'Action'),
    ('Once Upon a Time in America', 30000000, '1984-06-01', 229, 'USA', 'English', 'Crime'),
    ('Scarface', 25000000, '1983-12-09', 170, 'USA', 'English', 'Crime'),
    ('Heat', 60000000, '1995-12-15', 170, 'USA', 'English', 'Crime'),
    ('No Country for Old Men', 25000000, '2007-11-21', 122, 'USA', 'English', 'Crime'),
    ('Fargo', 7000000, '1996-04-05', 98, 'USA', 'English', 'Crime'),
    ('Prisoners', 46000000, '2013-09-20', 153, 'USA', 'English', 'Crime'),
    ('Zodiac', 65000000, '2007-03-02', 157, 'USA', 'English', 'Crime'),
    ('Seven Psychopaths', 15000000, '2012-10-12', 110, 'UK', 'English', 'Crime'),
    ( N'Amélie', 10000000, '2001-04-25', 122, 'France', 'French', 'Comedy'),
    ('La Haine', 2900000, '1995-05-31', 98, 'France', 'French', 'Drama'),
    ('The Intouchables', 9500000, '2011-11-02', 112, 'France', 'French', 'Comedy'),
    ('Blue Is the Warmest Colour', 4900000, '2013-10-09', 180, 'France', 'French', 'Drama'),
    ('Amour', 8900000, '2012-05-20', 127, 'France', 'French', 'Drama'),
    ('La Vie en Rose', 25000000, '2007-02-14', 140, 'France', 'French', 'Biography'),
    ('The Artist', 15000000, '2011-05-15', 100, 'France', 'French', 'Comedy'),
    ('A Prophet', 13000000, '2009-08-26', 155, 'France', 'French', 'Crime'),
    ( N'Caché', 8000000, '2005-05-14', 117, 'France', 'French', 'Drama'),
    ('City of Lost Children', 18000000, '1995-05-17', 112, 'France', 'French', 'Fantasy'),
    ('Delicatessen', 4000000, '1991-04-17', 99, 'France', 'French', 'Comedy'),
    ('The Diving Bell and the Butterfly', 12000000, '2007-05-23', 112, 'France', 'French', 'Biography'),
    ('The 400 Blows', 150000, '1959-11-04', 99, 'France', 'French', 'Drama'),
    ('The Umbrellas of Cherbourg', 2400000, '1964-02-19', 91, 'France', 'French', 'Drama'),
    ('La La Land', 30000000, '2016-08-31', 128, 'France', 'French', 'Musical'),
    ('Breathless', 780000, '1960-03-16', 90, 'France', 'French', 'Crime'),
    ('The Red Balloon', 175000, '1956-10-19', 34, 'France', 'French', 'Fantasy'),
    ('Betty Blue', 3500000, '1986-04-09', 120, 'France', 'French', 'Drama'),
    ('The Triplets of Belleville', 8000000, '2003-05-18', 78, 'France', 'French', 'Animation'),
    ('The Class', 3000000, '2008-09-24', 128, 'France', 'French', 'Drama');


INSERT INTO Oeuvre
    (titre, budget, date_sortie, duree, origine, langue, genre)
VALUES
    ('Romeo and Juliet', 50000, '1597-01-01', 180, 'UK', 'Anglais', 'Drame'),
    ('Hamlet', 60000, '1600-01-01', 200, 'UK', 'Anglais', 'Drame'),
    ('Macbeth', 55000, '1606-01-01', 150, 'UK', 'Anglais', 'Drame'),
    ('A Midsummer Nights Dream', 45000, '1595-01-01', 160, 'UK', 'Anglais', N'Comédie'),
    ('Othello', 57000, '1603-01-01', 190, 'UK', 'Anglais', 'Drame'),
    ('The Tempest', 48000, '1611-01-01', 170, 'UK', 'Anglais', 'Fantaisie'),
    ('King Lear', 62000, '1606-01-01', 210, 'UK', 'Anglais', 'Drame'),
    ('Antony and Cleopatra', 58000, '1606-01-01', 200, 'UK', 'Anglais', 'Drame'),
    ('Much Ado About Nothing', 42000, '1598-01-01', 160, 'UK', 'Anglais', N'Comédie'),
    ('Twelfth Night', 49000, '1601-01-01', 170, 'UK', 'Anglais', N'Comédie'),
    ('The Merchant of Venice', 53000, '1596-01-01', 180, 'UK', 'Anglais', N'Comédie'),
    ('As You Like It', 44000, '1599-01-01', 160, 'UK', 'Anglais', N'Comédie'),
    ('Julius Caesar', 51000, '1599-01-01', 180, 'UK', 'Anglais', 'Drame'),
    ('The Taming of the Shrew', 47000, '1594-01-01', 150, 'UK', 'Anglais', N'Comédie'),
    ('Richard III', 60000, '1592-01-01', 190, 'UK', 'Anglais', 'Drame'),
    ('The Comedy of Errors', 38000, '1594-01-01', 140, 'UK', 'Anglais', N'Comédie'),
    ('Measure for Measure', 56000, '1604-01-01', 170, 'UK', 'Anglais', 'Drame'),
    ('Richard II', 54000, '1595-01-01', 180, 'UK', 'Anglais', 'Drame'),
    ('Henry V', 59000, '1599-01-01', 200, 'UK', 'Anglais', 'Drame'),
    ('Coriolanus', 57000, '1608-01-01', 190, 'UK', 'Anglais', 'Drame'),
    ('The Winter''s Tale', 52000, '1610-01-01', 180, 'UK', 'Anglais', 'Drame'),
    ('Cymbeline', 49000, '1611-01-01', 170, 'UK', 'Anglais', 'Drame'),
    ('King John', 51000, '1596-01-01', 160, 'UK', 'Anglais', 'Drame'),
    ('Pericles, Prince of Tyre', 46000, '1607-01-01', 160, 'UK', 'Anglais', 'Drame'),
    ('Henry IV, Part 1', 58000, '1597-01-01', 190, 'UK', 'Anglais', 'Drame'),
    ('Henry IV, Part 2', 60000, '1597-01-01', 200, 'UK', 'Anglais', 'Drame'),
    ('Henry VI, Part 1', 57000, '1591-01-01', 180, 'UK', 'Anglais', 'Drame'),
    ('Henry VI, Part 2', 56000, '1591-01-01', 190, 'UK', 'Anglais', 'Drame'),
    ('Henry VI, Part 3', 61000, '1591-01-01', 200, 'UK', 'Anglais', 'Drame'),
    ('Henry VIII', 63000, '1613-01-01', 210, 'UK', 'Anglais', 'Drame');


INSERT INTO Habitude
VALUES
    ('Running'),
    ('Reading'),
    ('Painting'),
    ('Cooking'),
    ('Swimming'),
    ('Gardening'),
    ('Playing guitar'),
    ('Skiing'),
    ('Yoga'),
    ('Meditation');


INSERT INTO Sport
VALUES
    ('Soccer'),
    ('Basketball'),
    ('Baseball'),
    ('Football'),
    ('Tennis'),
    ('Golf'),
    ('Hockey'),
    ('Volleyball'),
    ('Rugby'),
    ('Cricket');



INSERT INTO Adresse
VALUES
    (123, 'Main Street', 'New York', '10001', 'USA', NULL),
    (456, 'Broadway', 'Los Angeles', '90001', 'USA', 101),
    (789, 'Rodeo Drive', 'Beverly Hills', '90210', 'USA', NULL),
    (555, 'Sunset Boulevard', 'Hollywood', '90028', 'USA', 201),
    (888, 'Santa Monica Boulevard', 'Santa Monica', '90401', 'USA', NULL),
    (777, 'Fifth Avenue', 'New York', '10010', 'USA', 301),
    (999, 'Wilshire Boulevard', 'Los Angeles', '90024', 'USA', NULL),
    (111, 'Melrose Avenue', 'West Hollywood', '90069', 'USA', NULL),
    (222, 'Abbey Road', 'London', 'NW8 9AY', 'UK', NULL),
    (333, 'Piccadilly Circus', 'London', 'W1D 7ET', 'UK', NULL),
    (444, 'Portobello Road', 'London', 'W11 1LA', 'UK', NULL),
    (555, 'Oxford Street', 'London', 'W1D 1BS', 'UK', 202),
    (666, N'Champs-Élysées', 'Paris', '75008', 'France', NULL),
    (777, 'Rue de Rivoli', 'Paris', '75001', 'France', 831),
    (888, N'Rue du Faubourg Saint-Honoré', 'Paris', '75008', 'France', NULL),
    (999, N'Place Vendôme', 'Paris', '75001', 'France', 591),
    (123, 'Piazza di Spagna', 'Rome', '00187', 'Italy', NULL),
    (234, 'Via Condotti', 'Rome', '00187', 'Italy', NULL),
    (345, 'Via del Corso', 'Rome', '00186', 'Italy', NULL),
    (456, 'Piazza Navona', 'Rome', '00186', 'Italy', NULL),
    (567, N'Kurfürstendamm', 'Berlin', '10719', 'Germany', NULL),
    (678, 'Alexanderplatz', 'Berlin', '10178', 'Germany', NULL),
    (789, N'Friedrichstraße', 'Berlin', '10117', 'Germany', NULL),
    (890, 'Unter den Linden', 'Berlin', '10117', 'Germany', NULL),
    (901, N'Gran Vía', 'Madrid', '28013', 'Spain', NULL),
    (123, N'Passeig de Gràcia', 'Barcelona', '08008', 'Spain', NULL),
    (234, 'Calle Serrano', 'Madrid', '28001', 'Spain', NULL),
    (345, 'Puerta del Sol', 'Madrid', '28013', 'Spain', NULL),
    (456, 'La Rambla', 'Barcelona', '08002', 'Spain', NULL),
    (567, 'Plaza Mayor', 'Madrid', '28012', 'Spain', NULL),
    (678, 'Piazza San Marco', 'Venice', '30124', 'Italy', NULL),
    (789, 'Ponte Vecchio', 'Florence', '50125', 'Italy', NULL),
    (890, 'Piazza del Duomo', 'Milan', '20121', 'Italy', NULL),
    (901, 'Vatican City', 'Vatican City', '00120', 'Vatican City', NULL),
    (123, N'Champs-Élysées', 'Paris', '75008', 'France', 123),
    (234, 'Fifth Avenue', 'New York', '10010', 'USA', 11),
    (345, 'Rodeo Drive', 'Beverly Hills', '90210', 'USA', NULL),
    (456, 'Piazza di Spagna', 'Rome', '00187', 'Italy', NULL),
    (567, N'Gran Vía', 'Madrid', '28013', 'Spain', NULL),
    (678, N'Kurfürstendamm', 'Berlin', '10719', 'Germany', NULL),
    (789, 'Melrose Avenue', 'West Hollywood', '90069', 'USA', 12),
    (890, 'Portobello Road', 'London', 'W11 1LA', 'UK', NULL),
    (901, N'Passeig de Gràcia', 'Barcelona', '08008', 'Spain', 34),
    (123, 'Piccadilly Circus', 'London', 'W1D 7ET', 'UK', NULL),
    (234, N'Champs-Élysées', 'Paris', '75008', 'France', NULL),
    (345, 'Alexanderplatz', 'Berlin', '10178', 'Germany', 90),
    (456, N'Gran Vía', 'Madrid', '28013', 'Spain', 67),
    (567, N'Friedrichstraße', 'Berlin', '10117', 'Germany', NULL),
    (678, 'Rue de Rivoli', 'Paris', '75001', 'France', 36),
    (789, 'Abbey Road', 'London', 'NW8 9AY', 'UK', 78);

INSERT INTO Adresse
    (no_civique, rue, ville, code_postal, pays, no_appartement)
VALUES
    (123, 'Main Street', 'New York', '10001', 'USA', NULL),
    (456, 'Broadway', 'Los Angeles', '90001', 'USA', NULL),
    (789, 'Sunset Boulevard', 'Chicago', '60601', 'USA', NULL),
    (101, 'Rodeo Drive', 'Miami', '33101', 'USA', NULL),
    (202, 'Beverly Hills', 'San Francisco', '94101', 'USA', NULL),
    (303, 'Hollywood Boulevard', 'Las Vegas', '89101', 'USA', NULL),
    (404, 'Venice Beach', 'Boston', '02201', 'USA', NULL),
    (505, 'Times Square', 'Seattle', '98101', 'USA', NULL),
    (606, 'Wall Street', 'Washington D.C.', '20001', 'USA', NULL),
    (707, 'Golden Gate Bridge', 'Houston', '77001', 'USA', NULL),
    (808, 'Mount Rushmore', 'Philadelphia', '19101', 'USA', NULL),
    (909, 'Grand Canyon', 'Phoenix', '85001', 'USA', NULL),
    (1010, 'Statue of Liberty', 'Denver', '80201', 'USA', NULL),
    (1111, 'Yellowstone National Park', 'Dallas', '75201', 'USA', NULL),
    (1212, 'Niagara Falls', 'San Diego', '92101', 'USA', NULL),
    (1313, 'Empire State Building', 'Detroit', '48201', 'USA', NULL),
    (1414, 'Disneyland', 'Atlanta', '30301', 'USA', NULL),
    (1515, 'Mount Everest', 'Minneapolis', '55401', 'USA', NULL),
    (1616, 'Eiffel Tower', 'Portland', '97201', 'USA', NULL),
    (1717, 'Great Wall of China', 'Orlando', '32801', 'USA', NULL),
    (1818, 'Machu Picchu', 'Miami', '33101', 'USA', NULL),
    (1919, 'Taj Mahal', 'New Orleans', '70112', 'USA', NULL),
    (2020, 'Sydney Opera House', 'San Antonio', '78201', 'USA', NULL),
    (2121, 'Pyramids of Giza', 'Tampa', '33601', 'USA', NULL),
    (2222, 'Colosseum', 'Austin', '73301', 'USA', NULL),
    (2323, 'Great Barrier Reef', 'Kansas City', '64101', 'USA', NULL),
    (2424, 'Petra', 'Las Vegas', '89101', 'USA', NULL),
    (2525, 'Stonehenge', 'Louisville', '40201', 'USA', NULL),
    (2626, 'Mount Fuji', 'Memphis', '37501', 'USA', NULL),
    (2727, 'Angkor Wat', 'Nashville', '37201', 'USA', NULL),
    (2828, 'Acropolis of Athens', 'Oakland', '94601', 'USA', NULL),
    (2929, 'Christ the Redeemer', 'Oklahoma City', '73101', 'USA', NULL),
    (3030, 'Great Sphinx of Giza', 'Omaha', '68101', 'USA', NULL),
    (3131, 'Forbidden City', 'Pittsburgh', '15201', 'USA', NULL),
    (3232, 'Hagia Sophia', 'Raleigh', '27601', 'USA', NULL),
    (3333, 'Mesa Verde', 'Richmond', '23218', 'USA', NULL),
    (3434, 'Chichen Itza', 'Sacramento', '95814', 'USA', NULL),
    (3535, 'Red Square', 'Salt Lake City', '84101', 'USA', NULL),
    (3636, 'Machu Picchu', 'San Francisco', '94101', 'USA', NULL),
    (3737, 'St. Peter''s Basilica', 'San Jose', '95101', 'USA', NULL),
    (3838, 'Potala Palace', 'Santa Ana', '92701', 'USA', NULL),
    (3939, 'Borobudur', 'Seattle', '98101', 'USA', NULL),
    (4040, 'Neuschwanstein Castle', 'St. Louis', '63101', 'USA', NULL),
    (4141, 'Sydney Harbour Bridge', 'St. Paul', '55101', 'USA', NULL),
    (4242, 'Taj Mahal', 'Stockton', '95201', 'USA', NULL),
    (4343, 'Tower Bridge', 'Tucson', '85701', 'USA', NULL),
    (4444, 'Alhambra', 'Tulsa', '74101', 'USA', NULL),
    (4545, 'Brandenburg Gate', 'Virginia Beach', '23450', 'USA', NULL),
    (4646, 'Burj Khalifa', 'Washington D.C.', '20001', 'USA', NULL),
    (4747, 'Buckingham Palace', 'Wichita', '67201', 'USA', NULL);



INSERT INTO Compagnie
VALUES
    ('Warner Bros.', 'Film', 1),
    ('Universal Pictures', 'Film', 2),
    ('Paramount Pictures', 'Film', 3),
    ('20th Century Studios', 'Film', 4),
    ('Sony Pictures Entertainment', 'Film', 5),
    ('Walt Disney Studios', 'Film', 6),
    ('Lionsgate Films', 'Film', 7),
    ('Metro-Goldwyn-Mayer', 'Film', 8),
    ('Columbia Pictures', 'Film', 9),
    ('New Line Cinema', 'Film', 10),
    ('DreamWorks Pictures', 'Film', 11),
    ('Focus Features', 'Film', 12),
    ('Miramax Films', 'Film', 13),
    ('A24 Films', 'Film', 14),
    ('STX Entertainment', 'Film', 15),
    ('Legendary Entertainment', 'Film', 16),
    ('Amazon Studios', 'Film', 17),
    ('Netflix', 'Film', 18),
    ('HBO Films', 'Film', 19),
    ('BBC Films', 'Film', 20);



INSERT INTO Film
    (id_oeuvre, id_studio)
VALUES
    (1, 1),
    (2, 2),
    (3, 3),
    (4, 4),
    (5, 5),
    (6, 6),
    (7, 7),
    (8, 8),
    (9, 9),
    (10, 10),
    (11, 11),
    (12, 12),
    (13, 13),
    (14, 14),
    (15, 15),
    (16, 16),
    (17, 17),
    (18, 18),
    (19, 19),
    (20, 20),
    (21, 1),
    (22, 2),
    (23, 3),
    (24, 4),
    (25, 5),
    (26, 6),
    (27, 7),
    (28, 8),
    (29, 9),
    (30, 10),
    (31, 11),
    (32, 12),
    (33, 13),
    (34, 14),
    (35, 15),
    (36, 16),
    (37, 17),
    (38, 18),
    (39, 19),
    (40, 20),
    (41, 1),
    (42, 2),
    (43, 3),
    (44, 4),
    (45, 5),
    (46, 6),
    (47, 7),
    (48, 8),
    (49, 9),
    (50, 10),
    (51, 11),
    (52, 12),
    (53, 13),
    (54, 14),
    (55, 15),
    (56, 16),
    (57, 17),
    (58, 18),
    (59, 19),
    (60, 20),
    (61, 1),
    (62, 2),
    (63, 3),
    (64, 4),
    (65, 5),
    (66, 6),
    (67, 7),
    (68, 8),
    (69, 9),
    (70, 10);


INSERT INTO Piece
    (id_oeuvre, theatre)
VALUES
    (71, 'Royal Shakespeare Company'),
    (72, 'Royal Shakespeare Company'),
    (73, 'National Theatre'),
    (74, 'National Theatre'),
    (75, 'Globe Theatre'),
    (76, 'Globe Theatre'),
    (77, 'Old Vic'),
    (78, 'Old Vic'),
    (79, 'Broadway Theatre'),
    (80, 'Broadway Theatre'),
    (81, 'Royal Shakespeare Company'),
    (82, 'Royal Shakespeare Company'),
    (93, 'National Theatre'),
    (94, 'National Theatre'),
    (95, 'Globe Theatre'),
    (96, 'Globe Theatre'),
    (97, 'Old Vic'),
    (98, 'Old Vic'),
    (99, 'Broadway Theatre'),
    (100, 'Broadway Theatre');

INSERT INTO Artiste
    (nom, prenom, date_naissance, salaire_min, domaine, id_adresse)
VALUES
    ('Smith', 'John', '1980-05-15', 50000, 'Actor', 21),
    ('Johnson', 'Michael', '1975-09-20', 60000, 'Actor', 22),
    ('Williams', 'Emily', '1988-02-10', 55000, 'Actress', 23),
    ('Brown', 'Jessica', '1983-11-28', 52000, 'Actress', 24),
    ('Jones', 'Christopher', '1972-07-08', 58000, 'Director', 25),
    ('Garcia', 'Maria', '1990-04-17', 53000, 'Sound Designer', 26),
    ('Martinez', 'David', '1985-12-05', 54000, 'Actor', 27),
    ('Hernandez', 'Jennifer', '1978-03-22', 57000, 'Actress', 28),
    ('Young', 'James', '1987-08-12', 56000, 'Cinematographer', 29),
    ('Lee', 'Jessica', '1984-01-25', 51000, 'Writer', 30),
    ('Gonzalez', 'Daniel', '1981-06-18', 59000, 'Actor', 31),
    ('Lopez', 'Ashley', '1976-10-30', 62000, 'Actress', 32),
    ('Taylor', 'Matthew', '1989-09-02', 58000, 'Director', 33),
    ('Clark', 'Melissa', '1982-04-11', 54000, 'Actress', 34),
    ('Lewis', 'Andrew', '1973-03-07', 55000, 'Sound Designer', 35),
    ('Walker', 'Sarah', '1986-11-19', 51000, 'Writer', 36),
    ('Perez', 'Justin', '1980-07-25', 56000, 'Actor', 37),
    ('Hall', 'Laura', '1977-05-14', 53000, 'Actress', 38),
    ('Young', 'Kevin', '1984-02-09', 59000, 'Costume Designer', 39),
    ('Rodriguez', 'Amanda', '1975-10-23', 62000, 'Actress', 40),
    ('Baker', 'Robert', '1988-12-14', 57000, 'Director', 41),
    ('Parker', 'Stephanie', '1979-08-07', 53000, 'Actress', 42),
    ('King', 'Eric', '1983-01-28', 60000, 'Actor', 43),
    ('Adams', 'Jessica', '1986-06-21', 52000, 'Writer', 44),
    ('Wright', 'Brandon', '1977-04-02', 58000, 'Director', 45),
    ('Hill', 'Sarah', '1972-09-15', 54000, 'Sound Designer', 46),
    ('Scott', 'David', '1985-08-08', 57000, 'Actor', 47),
    ('Roberts', 'Emily', '1978-03-31', 55000, 'Actress', 48),
    ('Carter', 'Michael', '1981-10-11', 56000, 'Cinematographer', 49),
    ('Gomez', 'Victoria', '1984-05-24', 51000, 'Costume Designer', 50),
    ('Hernandez', 'Daniel', '1980-06-13', 59000, 'Actor', 51),
    ('Perez', 'Linda', '1977-12-26', 62000, 'Actress', 52),
    ('Williams', 'John', '1986-09-29', 58000, 'Director', 53),
    ('Flores', 'Rachel', '1982-02-18', 54000, 'Writer', 54),
    ('Morales', 'Christopher', '1975-01-07', 55000, 'Sound Designer', 55),
    ('Clark', 'Megan', '1987-07-02', 51000, 'Actress', 56),
    ('Rodriguez', 'Jose', '1980-04-14', 56000, 'Director', 57),
    ('Torres', 'Jennifer', '1973-11-17', 53000, 'Actress', 58),
    ('Scott', 'Daniel', '1985-10-09', 59000, 'Cinematographer', 59),
    ('Martinez', 'Laura', '1976-05-02', 62000, 'Actress', 60),
    ('Garcia', 'Robert', '1988-11-25', 57000, 'Director', 61),
    ('Lopez', 'Maria', '1979-07-08', 53000, 'Actress', 62),
    ('Young', 'Eric', '1984-04-21', 60000, 'Sound Designer', 63),
    ('Gonzalez', 'Jessica', '1981-02-13', 52000, 'Writer', 64),
    ('Davis', 'Matthew', '1977-03-04', 58000, 'Director', 65),
    ('Jackson', 'Emily', '1982-06-27', 54000, 'Actress', 66),
    ('Hernandez', 'Justin', '1985-05-20', 57000, 'Cinematographer', 67),
    ('Brown', 'Laura', '1978-01-11', 55000, 'Costume Designer', 68),
    ('Gomez', 'Kevin', '1984-10-04', 56000, 'Writer', 69),
    ('Jones', 'Amanda', '1975-08-17', 51000, 'Sound Designer', 70),
    ('Adams', 'Daniel', '1980-07-10', 59000, 'Actor', 51),
    ('Perez', 'Stephanie', '1977-04-23', 62000, 'Actress', 52),
    ('Lopez', 'John', '1986-09-16', 58000, 'Actor', 53),
    ('Garcia', 'Rachel', '1982-02-07', 54000, 'Actress', 54),
    ('Rodriguez', 'Christopher', '1975-12-30', 55000, 'Actor', 55),
    ('Clark', 'Megan', '1987-07-25', 51000, 'Actress', 56),
    ('Flores', 'Jose', '1980-05-18', 56000, 'Actor', 57),
    ('Morales', 'Jennifer', '1973-12-11', 53000, 'Actress', 58),
    ('Scott', 'Daniel', '1985-10-04', 59000, 'Actor', 59),
    ('Martinez', 'Laura', '1976-05-27', 62000, 'Actress', 60),
    ('Garcia', 'Robert', '1988-12-20', 57000, 'Actor', 61),
    ('Lopez', 'Maria', '1979-07-13', 53000, 'Actress', 62),
    ('Young', 'Eric', '1984-04-26', 60000, 'Actor', 63),
    ('Gonzalez', 'Jessica', '1981-02-19', 52000, 'Actress', 64),
    ('Davis', 'Matthew', '1977-03-12', 58000, 'Actor', 65),
    ('Jackson', 'Emily', '1982-06-05', 54000, 'Actress', 66),
    ('Hernandez', 'Justin', '1985-05-28', 57000, 'Actor', 67),
    ('Brown', 'Laura', '1978-01-21', 55000, 'Actress', 68),
    ('Gomez', 'Kevin', '1984-10-14', 56000, 'Actor', 69),
    ('Jones', 'Amanda', '1975-08-27', 51000, 'Actress', 70),
    ('Adams', 'Daniel', '1980-07-20', 59000, 'Actor', 71),
    ('Perez', 'Stephanie', '1977-05-03', 62000, 'Actress', 72),
    ('Lopez', 'John', '1986-09-26', 58000, 'Actor', 73),
    ('Garcia', 'Rachel', '1982-02-19', 54000, 'Actress', 74),
    ('Rodriguez', 'Christopher', '1975-12-12', 55000, 'Actor', 75),
    ('Clark', 'Megan', '1987-07-05', 51000, 'Actress', 76),
    ('Flores', 'Jose', '1980-05-28', 56000, 'Actor', 77),
    ('Morales', 'Jennifer', '1973-12-21', 53000, 'Actress', 78),
    ('Scott', 'Daniel', '1985-10-14', 59000, 'Actor', 79),
    ('Martinez', 'Laura', '1976-05-27', 62000, 'Actress', 80),
    ('Garcia', 'Robert', '1988-12-20', 57000, 'Actor', 81),
    ('Lopez', 'Maria', '1979-07-13', 53000, 'Actress', 82),
    ('Young', 'Eric', '1984-04-26', 60000, 'Actor', 83),
    ('Gonzalez', 'Jessica', '1981-02-19', 52000, 'Actress', 84),
    ('Davis', 'Matthew', '1977-03-12', 58000, 'Actor', 85),
    ('Jackson', 'Emily', '1982-06-05', 54000, 'Actress', 86),
    ('Hernandez', 'Justin', '1985-05-28', 57000, 'Actor', 87),
    ('Brown', 'Laura', '1978-01-21', 55000, 'Actress', 88),
    ('Gomez', 'Kevin', '1984-10-14', 56000, 'Actor', 89),
    ('Jones', 'Amanda', '1975-08-27', 51000, 'Actress', 90),
    ('Adams', 'Daniel', '1980-07-20', 59000, 'Actor', 91),
    ('Perez', 'Stephanie', '1977-05-03', 62000, 'Actress', 92),
    ('Lopez', 'John', '1986-09-26', 58000, 'Actor', 93),
    ('Garcia', 'Rachel', '1982-02-19', 54000, 'Actress', 94),
    ('Rodriguez', 'Christopher', '1975-12-12', 55000, 'Actor', 95),
    ('Clark', 'Megan', '1987-07-05', 51000, 'Actress', 96),
    ('Flores', 'Jose', '1980-05-28', 56000, 'Actor', 97),
    ('Morales', 'Jennifer', '1973-12-21', 53000, 'Actress', 98),
    ('Scott', 'Daniel', '1985-10-14', 59000, 'Actor', 99),
    ('Martinez', 'Laura', '1976-05-27', 62000, 'Actress', 100);


INSERT INTO Sponsor
    (id_oeuvre, id_compagnie, montant)
VALUES
    (1, 1, 50000),
    (2, 2, 60000),
    (3, 3, 55000),
    (4, 4, 52000),
    (5, 5, 58000),
    (6, 6, 53000),
    (7, 7, 54000),
    (8, 8, 57000),
    (9, 9, 56000),
    (10, 10, 51000),
    (11, 11, 59000),
    (12, 12, 62000),
    (13, 13, 58000),
    (14, 14, 54000),
    (15, 15, 55000),
    (16, 16, 51000),
    (17, 17, 56000),
    (18, 18, 53000),
    (19, 19, 59000),
    (20, 20, 62000),
    (21, 1, 57000),
    (22, 2, 53000),
    (23, 3, 60000),
    (24, 4, 52000),
    (25, 5, 58000),
    (26, 6, 54000),
    (27, 7, 57000),
    (28, 8, 55000),
    (29, 9, 56000),
    (30, 10, 51000),
    (31, 11, 59000),
    (32, 12, 62000),
    (33, 13, 58000),
    (34, 14, 54000),
    (35, 15, 55000),
    (36, 16, 51000),
    (37, 17, 56000),
    (38, 18, 53000),
    (39, 19, 59000),
    (40, 20, 62000),
    (41, 1, 57000),
    (42, 2, 53000),
    (43, 3, 60000),
    (44, 4, 52000),
    (45, 5, 58000),
    (46, 6, 54000),
    (47, 7, 57000),
    (48, 8, 55000),
    (49, 9, 56000),
    (50, 10, 51000);

INSERT INTO Casting_Artiste
    (id_artiste, id_oeuvre, fonction, salaire, date_debut, date_fin)
VALUES
    (1, 1, 'Lead Actor', 100000, '2024-01-01', '2024-12-31'),
    (2, 2, 'Supporting Actor', 80000, '2024-02-01', '2024-11-30'),
    (3, 3, 'Lead Actress', 95000, '2024-03-01', '2024-10-31'),
    (4, 4, 'Supporting Actress', 75000, '2024-04-01', '2024-09-30'),
    (5, 5, 'Director', 120000, '2024-01-15', '2024-12-15'),
    (6, 6, 'Sound Designer', 70000, '2024-02-15', '2024-11-15'),
    (7, 7, 'Lead Actor', 98000, '2024-03-15', '2024-10-15'),
    (8, 8, 'Supporting Actor', 82000, '2024-04-15', '2024-09-15'),
    (9, 9, 'Lead Actress', 93000, '2024-05-15', '2024-08-15'),
    (10, 10, 'Supporting Actress', 77000, '2024-06-15', '2024-07-15'),
    (11, 11, 'Lead Actor', 96000, '2024-01-01', '2024-12-31'),
    (12, 12, 'Supporting Actor', 84000, '2024-02-01', '2024-11-30'),
    (13, 13, 'Lead Actress', 92000, '2024-03-01', '2024-10-31'),
    (14, 14, 'Supporting Actress', 78000, '2024-04-01', '2024-09-30'),
    (15, 15, 'Director', 118000, '2024-01-15', '2024-12-15'),
    (16, 16, 'Sound Designer', 72000, '2024-02-15', '2024-11-15'),
    (17, 17, 'Lead Actor', 97000, '2024-03-15', '2024-10-15'),
    (18, 18, 'Supporting Actor', 83000, '2024-04-15', '2024-09-15'),
    (19, 19, 'Lead Actress', 91000, '2024-05-15', '2024-08-15'),
    (20, 20, 'Supporting Actress', 79000, '2024-06-15', '2024-07-15'),
    (21, 21, 'Lead Actor', 94000, '2024-01-01', '2024-12-31'),
    (22, 22, 'Supporting Actor', 86000, '2024-02-01', '2024-11-30'),
    (23, 23, 'Lead Actress', 90000, '2024-03-01', '2024-10-31'),
    (24, 24, 'Supporting Actress', 80000, '2024-04-01', '2024-09-30'),
    (25, 25, 'Director', 116000, '2024-01-15', '2024-12-15'),
    (26, 26, 'Sound Designer', 74000, '2024-02-15', '2024-11-15'),
    (27, 27, 'Lead Actor', 96000, '2024-03-15', '2024-10-15'),
    (28, 28, 'Supporting Actor', 82000, '2024-04-15', '2024-09-15'),
    (29, 29, 'Lead Actress', 92000, '2024-05-15', '2024-08-15'),
    (30, 30, 'Supporting Actress', 78000, '2024-06-15', '2024-07-15'),
    (31, 31, 'Lead Actor', 95000, '2024-01-01', '2024-12-31'),
    (32, 32, 'Supporting Actor', 87000, '2024-02-01', '2024-11-30'),
    (33, 33, 'Lead Actress', 89000, '2024-03-01', '2024-10-31'),
    (34, 34, 'Supporting Actress', 81000, '2024-04-01', '2024-09-30'),
    (35, 35, 'Director', 114000, '2024-01-15', '2024-12-15'),
    (36, 36, 'Sound Designer', 76000, '2024-02-15', '2024-11-15'),
    (37, 37, 'Lead Actor', 97000, '2024-03-15', '2024-10-15'),
    (38, 38, 'Supporting Actor', 83000, '2024-04-15', '2024-09-15'),
    (39, 39, 'Lead Actress', 91000, '2024-05-15', '2024-08-15'),
    (40, 40, 'Supporting Actress', 79000, '2024-06-15', '2024-07-15'),
    (41, 41, 'Lead Actor', 94000, '2024-01-01', '2024-12-31'),
    (42, 42, 'Supporting Actor', 86000, '2024-02-01', '2024-11-30'),
    (43, 43, 'Lead Actress', 90000, '2024-03-01', '2024-10-31'),
    (44, 44, 'Supporting Actress', 80000, '2024-04-01', '2024-09-30'),
    (45, 45, 'Director', 116000, '2024-01-15', '2024-12-15'),
    (46, 46, 'Sound Designer', 74000, '2024-02-15', '2024-11-15'),
    (47, 47, 'Lead Actor', 96000, '2024-03-15', '2024-10-15'),
    (48, 48, 'Supporting Actor', 82000, '2024-04-15', '2024-09-15'),
    (49, 49, 'Lead Actress', 92000, '2024-05-15', '2024-08-15'),
    (50, 50, 'Supporting Actress', 78000, '2024-06-15', '2024-07-15'),
    (51, 51, 'Lead Actor', 95000, '2024-01-01', '2024-12-31'),
    (52, 52, 'Supporting Actor', 87000, '2024-02-01', '2024-11-30'),
    (53, 53, 'Lead Actress', 89000, '2024-03-01', '2024-10-31'),
    (54, 54, 'Supporting Actress', 81000, '2024-04-01', '2024-09-30'),
    (55, 55, 'Director', 114000, '2024-01-15', '2024-12-15'),
    (56, 56, 'Sound Designer', 76000, '2024-02-15', '2024-11-15'),
    (57, 57, 'Lead Actor', 97000, '2024-03-15', '2024-10-15'),
    (58, 58, 'Supporting Actor', 83000, '2024-04-15', '2024-09-15'),
    (59, 59, 'Lead Actress', 91000, '2024-05-15', '2024-08-15'),
    (60, 60, 'Supporting Actress', 79000, '2024-06-15', '2024-07-15'),
    (61, 61, 'Lead Actor', 94000, '2024-01-01', '2024-12-31'),
    (62, 62, 'Supporting Actor', 86000, '2024-02-01', '2024-11-30'),
    (63, 63, 'Lead Actress', 90000, '2024-03-01', '2024-10-31'),
    (64, 64, 'Supporting Actress', 80000, '2024-04-01', '2024-09-30'),
    (65, 65, 'Director', 116000, '2024-01-15', '2024-12-15'),
    (66, 66, 'Sound Designer', 74000, '2024-02-15', '2024-11-15'),
    (67, 67, 'Lead Actor', 96000, '2024-03-15', '2024-10-15'),
    (68, 68, 'Supporting Actor', 82000, '2024-04-15', '2024-09-15'),
    (69, 69, 'Lead Actress', 92000, '2024-05-15', '2024-08-15'),
    (70, 70, 'Supporting Actress', 78000, '2024-06-15', '2024-07-15'),
    (71, 71, 'Lead Actor', 95000, '2024-01-01', '2024-12-31'),
    (72, 72, 'Supporting Actor', 87000, '2024-02-01', '2024-11-30'),
    (73, 73, 'Lead Actress', 89000, '2024-03-01', '2024-10-31'),
    (74, 74, 'Supporting Actress', 81000, '2024-04-01', '2024-09-30'),
    (75, 75, 'Director', 114000, '2024-01-15', '2024-12-15'),
    (76, 76, 'Sound Designer', 76000, '2024-02-15', '2024-11-15'),
    (77, 77, 'Lead Actor', 97000, '2024-03-15', '2024-10-15'),
    (78, 78, 'Supporting Actor', 83000, '2024-04-15', '2024-09-15'),
    (79, 79, 'Lead Actress', 91000, '2024-05-15', '2024-08-15'),
    (80, 80, 'Supporting Actress', 79000, '2024-06-15', '2024-07-15'),
    (81, 81, 'Lead Actor', 94000, '2024-01-01', '2024-12-31'),
    (82, 82, 'Supporting Actor', 86000, '2024-02-01', '2024-11-30'),
    (83, 83, 'Lead Actress', 90000, '2024-03-01', '2024-10-31'),
    (84, 84, 'Supporting Actress', 80000, '2024-04-01', '2024-09-30'),
    (85, 85, 'Director', 116000, '2024-01-15', '2024-12-15'),
    (86, 86, 'Sound Designer', 74000, '2024-02-15', '2024-11-15'),
    (87, 87, 'Lead Actor', 96000, '2024-03-15', '2024-10-15'),
    (88, 88, 'Supporting Actor', 82000, '2024-04-15', '2024-09-15'),
    (89, 89, 'Lead Actress', 92000, '2024-05-15', '2024-08-15'),
    (90, 90, 'Supporting Actress', 78000, '2024-06-15', '2024-07-15'),
    (91, 91, 'Lead Actor', 95000, '2024-01-01', '2024-12-31'),
    (92, 92, 'Supporting Actor', 87000, '2024-02-01', '2024-11-30'),
    (93, 93, 'Lead Actress', 89000, '2024-03-01', '2024-10-31'),
    (94, 94, 'Supporting Actress', 81000, '2024-04-01', '2024-09-30'),
    (95, 95, 'Director', 114000, '2024-01-15', '2024-12-15'),
    (96, 96, 'Sound Designer', 76000, '2024-02-15', '2024-11-15'),
    (97, 97, 'Lead Actor', 97000, '2024-03-15', '2024-10-15'),
    (98, 98, 'Supporting Actor', 83000, '2024-04-15', '2024-09-15'),
    (99, 99, 'Lead Actress', 91000, '2024-05-15', '2024-08-15'),
    (100, 100, 'Supporting Actress', 79000, '2024-06-15', '2024-07-15');


-- Scene pour les films
INSERT INTO Scene
    (titre, budget, type, id_oeuvre)
VALUES
    ('Opening Scene', 10000, 'Action', 1),
    ('Car Chase', 20000, 'Action', 1),
    ('Bank Robbery', 15000, 'Action', 1),
    ('Interrogation Room', 12000, 'Drama', 1),
    ('Final Showdown', 25000, 'Action', 1),
    ('Hospital Scene', 18000, 'Drama', 2),
    ('Rooftop Fight', 22000, 'Action', 2),
    ('Escape Sequence', 20000, 'Action', 2),
    ('Political Speech', 15000, 'Drama', 2),
    ('Showdown with Villain', 28000, 'Action', 2),
    ('Dream Sequence', 16000, 'Fantasy', 3),
    ('Heist Planning', 20000, 'Thriller', 3),
    ('Reality Bending Scene', 25000, 'Sci-Fi', 3),
    ('Hotel Lobby', 18000, 'Action', 3),
    ('Infiltration', 22000, 'Thriller', 3),
    ('Spacewalk', 30000, 'Sci-Fi', 4),
    ('Black Hole', 35000, 'Sci-Fi', 4),
    ('Emotional Reunion', 18000, 'Drama', 4),
    ('Murph in the Library', 20000, 'Drama', 4),
    ('Tesseract Scene', 40000, 'Sci-Fi', 4),
    ('Dunkirk Beach', 25000, 'War', 5),
    ('Dogfight', 30000, 'War', 5),
    ('Soldiers Reflection', 18000, 'Drama', 5),
    ('Naval Battle', 35000, 'War', 5),
    ('Rescue Mission', 28000, 'Action', 5),
    ('Magicians Show', 20000, 'Drama', 6),
    ('The Transported Man', 25000, 'Drama', 6),
    ('Backstage Drama', 18000, 'Drama', 6),
    ('The Prestige Reveal', 30000, 'Drama', 6),
    ('Final Act', 32000, 'Drama', 6),
    ('Memory Loss', 22000, 'Thriller', 7),
    ('Backward Sequence', 20000, 'Thriller', 7),
    ('Investigation Room', 18000, 'Thriller', 7),
    ('Polaroid Puzzle', 25000, 'Mystery', 7),
    ('Twist Ending', 28000, 'Thriller', 7),
    ('Insomnia Hallucinations', 18000, 'Thriller', 8),
    ('Panic Attack', 20000, 'Thriller', 8),
    ('Murder Scene', 25000, 'Mystery', 8),
    ('Chase Sequence', 22000, 'Thriller', 8),
    ('Confrontation with Guilt', 28000, 'Drama', 8),
    ('Following Scene', 15000, 'Thriller', 9),
    ('Stalker Encounter', 18000, 'Thriller', 9),
    ('Breaking and Entering', 20000, 'Thriller', 9),
    ('Cat-and-Mouse', 25000, 'Thriller', 9),
    ('Unexpected Twist', 28000, 'Thriller', 9),
    ('Gotham City', 22000, 'Action', 10),
    ('Narrows Chase', 25000, 'Action', 10),
    ('Wayne Manor', 20000, 'Drama', 10),
    ('Training Montage', 18000, 'Action', 10),
    ('Showdown at Arkham', 30000, 'Action', 10),
    ('Bank Scene', 15000, 'Drama', 11),
    ('Financial District', 20000, 'Drama', 11),
    ('Wall Street Crash', 22000, 'Drama', 11),
    ('Confrontation with Greed', 25000, 'Drama', 11),
    ('Real Estate Office', 18000, 'Drama', 11),
    ('Boxing Ring', 22000, 'Sports', 12),
    ('Training Montage', 18000, 'Sports', 12),
    ('Family Dinner', 20000, 'Drama', 12),
    ('Underdog Story', 25000, 'Drama', 12),
    ('Championship Fight', 30000, 'Sports', 12),
    ('Harvard Dorm Room', 18000, 'Drama', 13),
    ('Facebook Office', 22000, 'Drama', 13),
    ('Programming Session', 20000, 'Drama', 13),
    ('Legal Battle', 25000, 'Drama', 13),
    ('Friendship Breakdown', 28000, 'Drama', 13),
    ('Wall Street Office', 22000, 'Drama', 14),
    ('Stock Market Floor', 25000, 'Drama', 14),
    ('Extravagant Party', 20000, 'Drama', 14),
    ('Quaaludes Scene', 18000, 'Comedy', 14),
    ('Trial Scene', 30000, 'Drama', 14),
    ('Test Flight', 22000, 'Action', 15),
    ('Gang Fight', 25000, 'Action', 15),
    ('Five Points Riot', 20000, 'Action', 15),
    ('Amsterdam Tavern', 18000, 'Drama', 15),
    ('Revenge Sequence', 30000, 'Action', 15),
    ('Casino Scene', 22000, 'Crime', 16),
    ('Backroom Deal', 25000, 'Crime', 16),
    ('Underworld Meeting', 20000, 'Crime', 16),
    ('Street Brawl', 18000, 'Action', 16),
    ('Final Showdown', 30000, 'Crime', 16),
    ('Cop Car Chase', 25000, 'Crime', 17),
    ('Investigation Room', 20000, 'Crime', 17),
    ('Psychiatric Hospital', 22000, 'Drama', 17),
    ('Conspiracy Unveiled', 18000, 'Thriller', 17),
    ('Escape Sequence', 30000, 'Action', 17),
    ('Prohibition Bar', 22000, 'Crime', 18),
    ('Street Gang Clash', 25000, 'Crime', 18),
    ('Civil War Draft', 20000, 'Drama', 18),
    ('Revenge Plot', 18000, 'Action', 18),
    ('Final Showdown', 30000, 'Crime', 18),
    ('Vegas Casino', 22000, 'Crime', 19),
    ('Backroom Deal', 25000, 'Crime', 19),
    ('Underworld Meeting', 20000, 'Crime', 19),
    ('Street Brawl', 18000, 'Action', 19),
    ('Final Showdown', 30000, 'Crime', 19),
    ('Italian Restaurant', 22000, 'Crime', 20),
    ('Car Explosion', 25000, 'Action', 20),
    ('Interrogation Room', 20000, 'Crime', 20),
    ('Bank Heist', 18000, 'Crime', 20),
    ('Final Showdown', 30000, 'Crime', 20),
    ('Theatre Scene', 25000, 'Drama', 21),
    ('Backstage Drama', 18000, 'Drama', 21),
    ('Play Rehearsal', 20000, 'Drama', 21),
    ('Emotional Monologue', 22000, 'Drama', 21),
    ('Closing Act', 30000, 'Drama', 21),
    ('Theatre Scene', 25000, 'Drama', 22),
    ('Backstage Drama', 18000, 'Drama', 22),
    ('Play Rehearsal', 20000, 'Drama', 22),
    ('Emotional Monologue', 22000, 'Drama', 22),
    ('Closing Act', 30000, 'Drama', 22),
    ('Theatre Scene', 25000, 'Drama', 23),
    ('Backstage Drama', 18000, 'Drama', 23),
    ('Play Rehearsal', 20000, 'Drama', 23),
    ('Emotional Monologue', 22000, 'Drama', 23),
    ('Closing Act', 30000, 'Drama', 23),
    ('Theatre Scene', 25000, 'Drama', 24),
    ('Backstage Drama', 18000, 'Drama', 24),
    ('Play Rehearsal', 20000, 'Drama', 24),
    ('Emotional Monologue', 22000, 'Drama', 24),
    ('Closing Act', 30000, 'Drama', 24),
    ('Theatre Scene', 25000, 'Drama', 25),
    ('Backstage Drama', 18000, 'Drama', 25),
    ('Play Rehearsal', 20000, 'Drama', 25),
    ('Emotional Monologue', 22000, 'Drama', 25),
    ('Closing Act', 30000, 'Drama', 25),
    ('Theatre Scene', 25000, 'Drama', 26),
    ('Backstage Drama', 18000, 'Drama', 26),
    ('Play Rehearsal', 20000, 'Drama', 26),
    ('Emotional Monologue', 22000, 'Drama', 26),
    ('Closing Act', 30000, 'Drama', 26),
    ('Theatre Scene', 25000, 'Drama', 27),
    ('Backstage Drama', 18000, 'Drama', 27),
    ('Play Rehearsal', 20000, 'Drama', 27),
    ('Emotional Monologue', 22000, 'Drama', 27),
    ('Closing Act', 30000, 'Drama', 27),
    ('Theatre Scene', 25000, 'Drama', 28),
    ('Backstage Drama', 18000, 'Drama', 28),
    ('Play Rehearsal', 20000, 'Drama', 28),
    ('Emotional Monologue', 22000, 'Drama', 28),
    ('Closing Act', 30000, 'Drama', 28),
    ('Theatre Scene', 25000, 'Drama', 29),
    ('Backstage Drama', 18000, 'Drama', 29),
    ('Play Rehearsal', 20000, 'Drama', 29),
    ('Emotional Monologue', 22000, 'Drama', 29),
    ('Closing Act', 30000, 'Drama', 29),
    ('Theatre Scene', 25000, 'Drama', 30),
    ('Backstage Drama', 18000, 'Drama', 30),
    ('Play Rehearsal', 20000, 'Drama', 30),
    ('Emotional Monologue', 22000, 'Drama', 30),
    ('Closing Act', 30000, 'Drama', 30),
    ('Theatre Scene', 25000, 'Drama', 31),
    ('Backstage Drama', 18000, 'Drama', 31),
    ('Play Rehearsal', 20000, 'Drama', 31),
    ('Emotional Monologue', 22000, 'Drama', 31),
    ('Closing Act', 30000, 'Drama', 31),
    ('Theatre Scene', 25000, 'Drama', 32),
    ('Backstage Drama', 18000, 'Drama', 32),
    ('Play Rehearsal', 20000, 'Drama', 32),
    ('Emotional Monologue', 22000, 'Drama', 32),
    ('Closing Act', 30000, 'Drama', 32),
    ('Theatre Scene', 25000, 'Drama', 33),
    ('Backstage Drama', 18000, 'Drama', 33),
    ('Play Rehearsal', 20000, 'Drama', 33),
    ('Emotional Monologue', 22000, 'Drama', 33),
    ('Closing Act', 30000, 'Drama', 33),
    ('Theatre Scene', 25000, 'Drama', 34),
    ('Backstage Drama', 18000, 'Drama', 34),
    ('Play Rehearsal', 20000, 'Drama', 34),
    ('Emotional Monologue', 22000, 'Drama', 34),
    ('Closing Act', 30000, 'Drama', 34),
    ('Theatre Scene', 25000, 'Drama', 35),
    ('Backstage Drama', 18000, 'Drama', 35),
    ('Play Rehearsal', 20000, 'Drama', 35),
    ('Emotional Monologue', 22000, 'Drama', 35),
    ('Closing Act', 30000, 'Drama', 35),
    ('Theatre Scene', 25000, 'Drama', 36),
    ('Backstage Drama', 18000, 'Drama', 36),
    ('Play Rehearsal', 20000, 'Drama', 36),
    ('Emotional Monologue', 22000, 'Drama', 36),
    ('Closing Act', 30000, 'Drama', 36),
    ('Theatre Scene', 25000, 'Drama', 37),
    ('Backstage Drama', 18000, 'Drama', 37),
    ('Play Rehearsal', 20000, 'Drama', 37),
    ('Emotional Monologue', 22000, 'Drama', 37),
    ('Closing Act', 30000, 'Drama', 37),
    ('Theatre Scene', 25000, 'Drama', 38),
    ('Backstage Drama', 18000, 'Drama', 38),
    ('Play Rehearsal', 20000, 'Drama', 38),
    ('Emotional Monologue', 22000, 'Drama', 38),
    ('Closing Act', 30000, 'Drama', 38),
    ('Theatre Scene', 25000, 'Drama', 39),
    ('Backstage Drama', 18000, 'Drama', 39),
    ('Play Rehearsal', 20000, 'Drama', 39),
    ('Emotional Monologue', 22000, 'Drama', 39),
    ('Closing Act', 30000, 'Drama', 39),
    ('Theatre Scene', 25000, 'Drama', 40),
    ('Backstage Drama', 18000, 'Drama', 40),
    ('Play Rehearsal', 20000, 'Drama', 40),
    ('Emotional Monologue', 22000, 'Drama', 40),
    ('Closing Act', 30000, 'Drama', 40);

-- Scene pour les pièces de théâtre
INSERT INTO Scene
    (titre, budget, type, id_oeuvre)
VALUES
    ('Act 1 Opening', 5000, 'Drama', 71),
    ('Backstage Preparation', 4000, 'Drama', 71),
    ('Character Introduction', 6000, 'Drama', 71),
    ('Conflict Emerges', 7000, 'Drama', 71),
    ('Intermission', 3000, 'Intermission', 71),
    ('Act 2 Opening', 5000, 'Drama', 71),
    ('Plot Thickens', 8000, 'Drama', 71),
    ('Character Development', 6000, 'Drama', 71),
    ('Climax', 10000, 'Drama', 71),
    ('Resolution', 7000, 'Drama', 71),
    ('Act 1 Opening', 5000, 'Drama', 72),
    ('Backstage Preparation', 4000, 'Drama', 72),
    ('Character Introduction', 6000, 'Drama', 72),
    ('Conflict Emerges', 7000, 'Drama', 72),
    ('Intermission', 3000, 'Intermission', 72),
    ('Act 2 Opening', 5000, 'Drama', 72),
    ('Plot Thickens', 8000, 'Drama', 72),
    ('Character Development', 6000, 'Drama', 72),
    ('Climax', 10000, 'Drama', 72),
    ('Resolution', 7000, 'Drama', 72),
    ('Act 1 Opening', 5000, 'Drama', 73),
    ('Backstage Preparation', 4000, 'Drama', 73),
    ('Character Introduction', 6000, 'Drama', 73),
    ('Conflict Emerges', 7000, 'Drama', 73),
    ('Intermission', 3000, 'Intermission', 73),
    ('Act 2 Opening', 5000, 'Drama', 73),
    ('Plot Thickens', 8000, 'Drama', 73),
    ('Character Development', 6000, 'Drama', 73),
    ('Climax', 10000, 'Drama', 73),
    ('Resolution', 7000, 'Drama', 73),
    ('Act 1 Opening', 5000, 'Drama', 74),
    ('Backstage Preparation', 4000, 'Drama', 74),
    ('Character Introduction', 6000, 'Drama', 74),
    ('Conflict Emerges', 7000, 'Drama', 74),
    ('Intermission', 3000, 'Intermission', 74),
    ('Act 2 Opening', 5000, 'Drama', 74),
    ('Plot Thickens', 8000, 'Drama', 74),
    ('Character Development', 6000, 'Drama', 74),
    ('Climax', 10000, 'Drama', 74),
    ('Resolution', 7000, 'Drama', 74),
    ('Act 1 Opening', 5000, 'Drama', 75),
    ('Backstage Preparation', 4000, 'Drama', 75),
    ('Character Introduction', 6000, 'Drama', 75),
    ('Conflict Emerges', 7000, 'Drama', 75),
    ('Intermission', 3000, 'Intermission', 75),
    ('Act 2 Opening', 5000, 'Drama', 75),
    ('Plot Thickens', 8000, 'Drama', 75),
    ('Character Development', 6000, 'Drama', 75),
    ('Climax', 10000, 'Drama', 75),
    ('Resolution', 7000, 'Drama', 75),
    ('Act 1 Opening', 5000, 'Drama', 76),
    ('Backstage Preparation', 4000, 'Drama', 76),
    ('Character Introduction', 6000, 'Drama', 76),
    ('Conflict Emerges', 7000, 'Drama', 76),
    ('Intermission', 3000, 'Intermission', 76),
    ('Act 2 Opening', 5000, 'Drama', 76),
    ('Plot Thickens', 8000, 'Drama', 76),
    ('Character Development', 6000, 'Drama', 76),
    ('Climax', 10000, 'Drama', 76),
    ('Resolution', 7000, 'Drama', 76),
    ('Act 1 Opening', 5000, 'Drama', 77),
    ('Backstage Preparation', 4000, 'Drama', 77),
    ('Character Introduction', 6000, 'Drama', 77),
    ('Conflict Emerges', 7000, 'Drama', 77),
    ('Intermission', 3000, 'Intermission', 77),
    ('Act 2 Opening', 5000, 'Drama', 77),
    ('Plot Thickens', 8000, 'Drama', 77),
    ('Character Development', 6000, 'Drama', 77),
    ('Climax', 10000, 'Drama', 77),
    ('Resolution', 7000, 'Drama', 77),
    ('Act 1 Opening', 5000, 'Drama', 78),
    ('Backstage Preparation', 4000, 'Drama', 78),
    ('Character Introduction', 6000, 'Drama', 78),
    ('Conflict Emerges', 7000, 'Drama', 78),
    ('Intermission', 3000, 'Intermission', 78),
    ('Act 2 Opening', 5000, 'Drama', 78),
    ('Plot Thickens', 8000, 'Drama', 78),
    ('Character Development', 6000, 'Drama', 78),
    ('Climax', 10000, 'Drama', 78),
    ('Resolution', 7000, 'Drama', 78),
    ('Act 1 Opening', 5000, 'Drama', 79),
    ('Backstage Preparation', 4000, 'Drama', 79),
    ('Character Introduction', 6000, 'Drama', 79),
    ('Conflict Emerges', 7000, 'Drama', 79),
    ('Intermission', 3000, 'Intermission', 79),
    ('Act 2 Opening', 5000, 'Drama', 79),
    ('Plot Thickens', 8000, 'Drama', 79),
    ('Character Development', 6000, 'Drama', 79),
    ('Climax', 10000, 'Drama', 79),
    ('Resolution', 7000, 'Drama', 79),
    ('Act 1 Opening', 5000, 'Drama', 80),
    ('Backstage Preparation', 4000, 'Drama', 80),
    ('Character Introduction', 6000, 'Drama', 80),
    ('Conflict Emerges', 7000, 'Drama', 80),
    ('Intermission', 3000, 'Intermission', 80),
    ('Act 2 Opening', 5000, 'Drama', 80),
    ('Plot Thickens', 8000, 'Drama', 80),
    ('Character Development', 6000, 'Drama', 80),
    ('Climax', 10000, 'Drama', 80),
    ('Resolution', 7000, 'Drama', 80),
    ('Act 1 Opening', 5000, 'Drama', 81),
    ('Backstage Preparation', 4000, 'Drama', 81),
    ('Character Introduction', 6000, 'Drama', 81),
    ('Conflict Emerges', 7000, 'Drama', 81),
    ('Intermission', 3000, 'Intermission', 81),
    ('Act 2 Opening', 5000, 'Drama', 81),
    ('Plot Thickens', 8000, 'Drama', 81),
    ('Character Development', 6000, 'Drama', 81),
    ('Climax', 10000, 'Drama', 81),
    ('Resolution', 7000, 'Drama', 81),
    ('Act 1 Opening', 5000, 'Drama', 82),
    ('Backstage Preparation', 4000, 'Drama', 82),
    ('Character Introduction', 6000, 'Drama', 82),
    ('Conflict Emerges', 7000, 'Drama', 82),
    ('Intermission', 3000, 'Intermission', 82),
    ('Act 2 Opening', 5000, 'Drama', 82),
    ('Plot Thickens', 8000, 'Drama', 82),
    ('Character Development', 6000, 'Drama', 82),
    ('Climax', 10000, 'Drama', 82),
    ('Resolution', 7000, 'Drama', 82),
    ('Act 1 Opening', 5000, 'Drama', 83),
    ('Backstage Preparation', 4000, 'Drama', 83),
    ('Character Introduction', 6000, 'Drama', 83),
    ('Conflict Emerges', 7000, 'Drama', 83),
    ('Intermission', 3000, 'Intermission', 83),
    ('Act 2 Opening', 5000, 'Drama', 83),
    ('Plot Thickens', 8000, 'Drama', 83),
    ('Character Development', 6000, 'Drama', 83),
    ('Climax', 10000, 'Drama', 83),
    ('Resolution', 7000, 'Drama', 83),
    ('Act 1 Opening', 5000, 'Drama', 84),
    ('Backstage Preparation', 4000, 'Drama', 84),
    ('Character Introduction', 6000, 'Drama', 84),
    ('Conflict Emerges', 7000, 'Drama', 84),
    ('Intermission', 3000, 'Intermission', 84),
    ('Act 2 Opening', 5000, 'Drama', 84),
    ('Plot Thickens', 8000, 'Drama', 84),
    ('Character Development', 6000, 'Drama', 84),
    ('Climax', 10000, 'Drama', 84),
    ('Resolution', 7000, 'Drama', 84),
    ('Act 1 Opening', 5000, 'Drama', 85),
    ('Backstage Preparation', 4000, 'Drama', 85),
    ('Character Introduction', 6000, 'Drama', 85),
    ('Conflict Emerges', 7000, 'Drama', 85),
    ('Intermission', 3000, 'Intermission', 85),
    ('Act 2 Opening', 5000, 'Drama', 85),
    ('Plot Thickens', 8000, 'Drama', 85),
    ('Character Development', 6000, 'Drama', 85),
    ('Climax', 10000, 'Drama', 85),
    ('Resolution', 7000, 'Drama', 85),
    ('Act 1 Opening', 5000, 'Drama', 86),
    ('Backstage Preparation', 4000, 'Drama', 86),
    ('Character Introduction', 6000, 'Drama', 86),
    ('Conflict Emerges', 7000, 'Drama', 86),
    ('Intermission', 3000, 'Intermission', 86),
    ('Act 2 Opening', 5000, 'Drama', 86),
    ('Plot Thickens', 8000, 'Drama', 86),
    ('Character Development', 6000, 'Drama', 86),
    ('Climax', 10000, 'Drama', 86),
    ('Resolution', 7000, 'Drama', 86),
    ('Act 1 Opening', 5000, 'Drama', 87),
    ('Backstage Preparation', 4000, 'Drama', 87),
    ('Character Introduction', 6000, 'Drama', 87),
    ('Conflict Emerges', 7000, 'Drama', 87),
    ('Intermission', 3000, 'Intermission', 87),
    ('Act 2 Opening', 5000, 'Drama', 87),
    ('Plot Thickens', 8000, 'Drama', 87),
    ('Character Development', 6000, 'Drama', 87),
    ('Climax', 10000, 'Drama', 87),
    ('Resolution', 7000, 'Drama', 87),
    ('Act 1 Opening', 5000, 'Drama', 88),
    ('Backstage Preparation', 4000, 'Drama', 88),
    ('Character Introduction', 6000, 'Drama', 88),
    ('Conflict Emerges', 7000, 'Drama', 88),
    ('Intermission', 3000, 'Intermission', 88),
    ('Act 2 Opening', 5000, 'Drama', 88),
    ('Plot Thickens', 8000, 'Drama', 88),
    ('Character Development', 6000, 'Drama', 88),
    ('Climax', 10000, 'Drama', 88),
    ('Resolution', 7000, 'Drama', 88),
    ('Act 1 Opening', 5000, 'Drama', 89),
    ('Backstage Preparation', 4000, 'Drama', 89),
    ('Character Introduction', 6000, 'Drama', 89),
    ('Conflict Emerges', 7000, 'Drama', 89),
    ('Intermission', 3000, 'Intermission', 89),
    ('Act 2 Opening', 5000, 'Drama', 89),
    ('Plot Thickens', 8000, 'Drama', 89),
    ('Character Development', 6000, 'Drama', 89),
    ('Climax', 10000, 'Drama', 89),
    ('Resolution', 7000, 'Drama', 89),
    ('Act 1 Opening', 5000, 'Drama', 90),
    ('Backstage Preparation', 4000, 'Drama', 90),
    ('Character Introduction', 6000, 'Drama', 90),
    ('Conflict Emerges', 7000, 'Drama', 90),
    ('Intermission', 3000, 'Intermission', 90),
    ('Act 2 Opening', 5000, 'Drama', 90),
    ('Plot Thickens', 8000, 'Drama', 90),
    ('Character Development', 6000, 'Drama', 90),
    ('Climax', 10000, 'Drama', 90),
    ('Resolution', 7000, 'Drama', 90);

INSERT INTO Producteur
    (id_oeuvre, id_compagnie)
VALUES
    (1, 7),
    (2, 14),
    (3, 4),
    (4, 12),
    (5, 18),
    (6, 5),
    (7, 8),
    (8, 15),
    (9, 19),
    (10, 3),
    (11, 11),
    (12, 2),
    (13, 17),
    (14, 10),
    (15, 6),
    (16, 9),
    (17, 16),
    (18, 1),
    (19, 13),
    (20, 20),
    (21, 13),
    (22, 9),
    (23, 16),
    (24, 1),
    (25, 14),
    (26, 18),
    (27, 6),
    (28, 7),
    (29, 4),
    (30, 11),
    (31, 3),
    (32, 5),
    (33, 19),
    (34, 12),
    (35, 2),
    (36, 15),
    (37, 20),
    (38, 10),
    (39, 8),
    (40, 17),
    (41, 10),
    (42, 19),
    (43, 16),
    (44, 3),
    (45, 1),
    (46, 15),
    (47, 7),
    (48, 18),
    (49, 4),
    (50, 11),
    (51, 20),
    (52, 6),
    (53, 8),
    (54, 14),
    (55, 5),
    (56, 13),
    (57, 2),
    (58, 9),
    (59, 12),
    (60, 17),
    (61, 5),
    (62, 1),
    (63, 16),
    (64, 9),
    (65, 18),
    (66, 20),
    (67, 3),
    (68, 7),
    (69, 14),
    (70, 11),
    (71, 2),
    (72, 13),
    (73, 4),
    (74, 8),
    (75, 12),
    (76, 6),
    (77, 19),
    (78, 10),
    (79, 15),
    (80, 17),
    (81, 3),
    (82, 13),
    (83, 20),
    (84, 2),
    (85, 6),
    (86, 12),
    (87, 7),
    (88, 11),
    (89, 5),
    (90, 9),
    (91, 4),
    (92, 8),
    (93, 1),
    (94, 18),
    (95, 14),
    (96, 19),
    (97, 10),
    (98, 15),
    (99, 17),
    (100, 16);


INSERT INTO Casting
    (id_oeuvre, objectif, theme)
VALUES
    (1, 'Superhero action', 'Moral dilemmas'),
    (2, 'Superhero saga finale', 'Good versus evil'),
    (3, 'Mind-bending narrative', 'Dreams and desires'),
    (4, 'Epic space journey', 'Survival and transcendence'),
    (5, 'Realities of war', 'Humanity and sacrifice'),
    (6, 'Illusions and rivalries', 'Obsession and sacrifice'),
    (7, 'Innovative storytelling', 'Memory and identity'),
    (8, 'Psychological thriller tension', 'Guilt and redemption'),
    (9, 'Gripping crime drama', 'Underworld allure'),
    (10, 'Iconic superhero origin', 'Self-discovery and redemption'),
    (11, 'Insight into financial collapse', 'Corruption and meltdown'),
    (12, 'Underdog''s boxing rise', 'Personal struggles'),
    (13, 'Social media empire drama', 'Controversial origins'),
    (14, 'Wall Street excesses', 'Fraudsters and brokers'),
    (15, 'Golden age of aviation', 'Pioneering aviators'),
    (16, 'Complexities of undercover work', 'Cat-and-mouse game'),
    (17, 'Mysteries of human mind', 'Psychological thriller'),
    (18, '19th-century New York streets', 'Gangs and immigrants'),
    (19, 'Heart of organized crime', 'Power and betrayal'),
    (20, 'Rise and fall of mafia empire', 'Family and legacy'),
    (21, 'Superhero action', 'Moral dilemmas'),
    (22, 'Superhero saga finale', 'Good versus evil'),
    (23, 'Mind-bending narrative', 'Dreams and desires'),
    (24, 'Epic space journey', 'Survival and transcendence'),
    (25, 'Realities of war', 'Humanity and sacrifice'),
    (26, 'Illusions and rivalries', 'Obsession and sacrifice'),
    (27, 'Innovative storytelling', 'Memory and identity'),
    (28, 'Psychological thriller tension', 'Guilt and redemption'),
    (29, 'Gripping crime drama', 'Underworld allure'),
    (30, 'Iconic superhero origin', 'Self-discovery and redemption'),
    (31, 'Insight into financial collapse', 'Corruption and meltdown'),
    (32, 'Underdog''s boxing rise', 'Personal struggles'),
    (33, 'Social media empire drama', 'Controversial origins'),
    (34, 'Wall Street excesses', 'Fraudsters and brokers'),
    (35, 'Golden age of aviation', 'Pioneering aviators'),
    (36, 'Complexities of undercover work', 'Cat-and-mouse game'),
    (37, 'Mysteries of human mind', 'Psychological thriller'),
    (38, '19th-century New York streets', 'Gangs and immigrants'),
    (39, 'Heart of organized crime', 'Power and betrayal'),
    (40, 'Rise and fall of mafia empire', 'Family and legacy'),
    (41, 'Superhero action', 'Moral dilemmas'),
    (42, 'Superhero saga finale', 'Good versus evil'),
    (43, 'Mind-bending narrative', 'Dreams and desires'),
    (44, 'Epic space journey', 'Survival and transcendence'),
    (45, 'Realities of war', 'Humanity and sacrifice'),
    (46, 'Illusions and rivalries', 'Obsession and sacrifice'),
    (47, 'Innovative storytelling', 'Memory and identity'),
    (48, 'Psychological thriller tension', 'Guilt and redemption'),
    (49, 'Gripping crime drama', 'Underworld allure'),
    (50, 'Iconic superhero origin', 'Self-discovery and redemption'),
    (51, 'Insight into financial collapse', 'Corruption and meltdown'),
    (52, 'Underdog''s boxing rise', 'Personal struggles'),
    (53, 'Social media empire drama', 'Controversial origins'),
    (54, 'Wall Street excesses', 'Fraudsters and brokers'),
    (55, 'Golden age of aviation', 'Pioneering aviators'),
    (56, 'Complexities of undercover work', 'Cat-and-mouse game'),
    (57, 'Mysteries of human mind', 'Psychological thriller'),
    (58, '19th-century New York streets', 'Gangs and immigrants'),
    (59, 'Heart of organized crime', 'Power and betrayal'),
    (60, 'Rise and fall of mafia empire', 'Family and legacy'),
    (61, 'Superhero action', 'Moral dilemmas'),
    (62, 'Superhero saga finale', 'Good versus evil'),
    (63, 'Mind-bending narrative', 'Dreams and desires'),
    (64, 'Epic space journey', 'Survival and transcendence'),
    (65, 'Realities of war', 'Humanity and sacrifice'),
    (66, 'Illusions and rivalries', 'Obsession and sacrifice'),
    (67, 'Innovative storytelling', 'Memory and identity'),
    (68, 'Psychological thriller tension', 'Guilt and redemption'),
    (69, 'Gripping crime drama', 'Underworld allure'),
    (70, 'Iconic superhero origin', 'Self-discovery and redemption'),
    (71, 'Insight into financial collapse', 'Corruption and meltdown'),
    (72, 'Underdog''s boxing rise', 'Personal struggles'),
    (73, 'Social media empire drama', 'Controversial origins'),
    (74, 'Wall Street excesses', 'Fraudsters and brokers'),
    (75, 'Golden age of aviation', 'Pioneering aviators'),
    (76, 'Complexities of undercover work', 'Cat-and-mouse game'),
    (77, 'Mysteries of human mind', 'Psychological thriller'),
    (78, '19th-century New York streets', 'Gangs and immigrants'),
    (79, 'Heart of organized crime', 'Power and betrayal'),
    (80, 'Rise and fall of mafia empire', 'Family and legacy'),
    (81, 'Superhero action', 'Moral dilemmas'),
    (82, 'Superhero saga finale', 'Good versus evil'),
    (83, 'Mind-bending narrative', 'Dreams and desires'),
    (84, 'Epic space journey', 'Survival and transcendence'),
    (85, 'Realities of war', 'Humanity and sacrifice'),
    (86, 'Illusions and rivalries', 'Obsession and sacrifice'),
    (87, 'Innovative storytelling', 'Memory and identity'),
    (88, 'Psychological thriller tension', 'Guilt and redemption'),
    (89, 'Gripping crime drama', 'Underworld allure'),
    (90, 'Iconic superhero origin', 'Self-discovery and redemption'),
    (91, 'Insight into financial collapse', 'Corruption and meltdown'),
    (92, 'Underdog''s boxing rise', 'Personal struggles'),
    (93, 'Social media empire drama', 'Controversial origins'),
    (94, 'Wall Street excesses', 'Fraudsters and brokers'),
    (95, 'Golden age of aviation', 'Pioneering aviators'),
    (96, 'Complexities of undercover work', 'Cat-and-mouse game'),
    (97, 'Mysteries of human mind', 'Psychological thriller'),
    (98, '19th-century New York streets', 'Gangs and immigrants'),
    (99, 'Heart of organized crime', 'Power and betrayal'),
    (100, 'Rise and fall of mafia empire', 'Family and legacy');


INSERT INTO Relation
    (id_artiste1, id_artiste2, type_relation)
VALUES
    (81, 16, 'Friends'),
    (82, 47, 'Collaborators'),
    (83, 3, 'Siblings'),
    (84, 68, 'Mentor-Mentee'),
    (85, 15, 'Rivals'),
    (86, 94, 'Acquaintances'),
    (87, 29, 'Spouses'),
    (88, 80, 'Colleagues'),
    (89, 5, 'Teacher-Student'),
    (90, 63, 'Friends'),
    (91, 22, 'Collaborators'),
    (92, 87, 'Siblings'),
    (93, 41, 'Mentor-Mentee'),
    (94, 27, 'Rivals'),
    (95, 60, 'Acquaintances'),
    (96, 48, 'Spouses'),
    (97, 14, 'Colleagues'),
    (98, 25, 'Teacher-Student'),
    (99, 69, 'Friends'),
    (100, 84, 'Collaborators'),
    (1, 90, 'Siblings'),
    (2, 6, 'Mentor-Mentee'),
    (3, 75, 'Rivals'),
    (4, 28, 'Acquaintances'),
    (5, 49, 'Spouses'),
    (6, 34, 'Colleagues'),
    (7, 57, 'Teacher-Student'),
    (8, 13, 'Friends'),
    (9, 50, 'Collaborators'),
    (10, 8, 'Siblings'),
    (11, 82, 'Mentor-Mentee'),
    (12, 71, 'Rivals'),
    (13, 61, 'Acquaintances'),
    (14, 85, 'Spouses'),
    (15, 1, 'Colleagues'),
    (16, 56, 'Teacher-Student'),
    (17, 95, 'Friends'),
    (18, 40, 'Collaborators'),
    (19, 64, 'Siblings'),
    (20, 97, 'Mentor-Mentee'),
    (21, 26, 'Rivals'),
    (22, 99, 'Acquaintances'),
    (23, 20, 'Spouses'),
    (24, 45, 'Colleagues'),
    (25, 72, 'Teacher-Student'),
    (26, 9, 'Friends'),
    (27, 91, 'Collaborators'),
    (28, 58, 'Siblings'),
    (29, 83, 'Mentor-Mentee'),
    (30, 36, 'Rivals'),
    (31, 98, 'Acquaintances'),
    (32, 79, 'Spouses'),
    (33, 23, 'Colleagues'),
    (34, 4, 'Teacher-Student'),
    (35, 71, 'Friends'),
    (36, 62, 'Collaborators'),
    (37, 7, 'Siblings'),
    (38, 29, 'Mentor-Mentee'),
    (39, 44, 'Rivals'),
    (40, 32, 'Acquaintances'),
    (41, 95, 'Spouses'),
    (42, 20, 'Colleagues'),
    (43, 67, 'Teacher-Student'),
    (44, 14, 'Friends'),
    (45, 50, 'Collaborators'),
    (46, 70, 'Siblings'),
    (47, 17, 'Mentor-Mentee'),
    (48, 39, 'Rivals'),
    (49, 77, 'Acquaintances'),
    (50, 5, 'Spouses'),
    (51, 82, 'Colleagues'),
    (52, 48, 'Teacher-Student'),
    (53, 63, 'Friends'),
    (54, 80, 'Collaborators'),
    (55, 91, 'Siblings'),
    (56, 38, 'Mentor-Mentee'),
    (57, 65, 'Rivals'),
    (58, 70, 'Acquaintances'),
    (59, 47, 'Spouses'),
    (60, 3, 'Colleagues'),
    (61, 19, 'Teacher-Student'),
    (62, 22, 'Friends'),
    (63, 88, 'Collaborators'),
    (64, 24, 'Siblings'),
    (65, 91, 'Mentor-Mentee'),
    (66, 42, 'Rivals'),
    (67, 11, 'Acquaintances'),
    (68, 39, 'Spouses'),
    (69, 15, 'Colleagues'),
    (70, 36, 'Teacher-Student'),
    (71, 76, 'Friends'),
    (72, 56, 'Collaborators'),
    (73, 89, 'Siblings'),
    (74, 90, 'Mentor-Mentee'),
    (75, 42, 'Rivals'),
    (76, 27, 'Acquaintances'),
    (77, 50, 'Spouses'),
    (78, 66, 'Colleagues'),
    (79, 10, 'Teacher-Student'),
    (80, 21, 'Friends');



EXEC GenerateArtisteSportTuples @tupleCount = 500;

EXEC GenerateArtisteHabitudeTuples @tupleCount = 500;

EXEC GenerateCastingArtistesTuples @tupleCount = 500;

